Three quarters,bohemian feathers,BS_LB_0250 TQ + BS_LB_0260 TQ,,,,
Three quarters,lavender Leopard,BS_LB_0287 TQ + BS_LB_0297 TQ,,,,
Full Length,High in London ,BS_LB_0441 + BS_LB_0447,,,,Second Collection
Full Length,London in the rain Comfy Grey,BS_LB_0503 + BS_LB_0513,,,,
Full Length,Blue Galaxy,BS_LB_0543 FL + BS_LB_0557 FL,,,,
Three quarters,Crazy Feathers,BS_LB_0626 TQ + BS_LB_0633 TQ,,,,
Three quarters,Classic Black,LB_0927 + LB_0934,,,,
Full Length,Shiny Black,BS_LB_0686 + BS_LB_0697,,,,
Full Length,design leg waist,LB_0061 + LB_0065,colours are different from picture,,,
Full Length,Wild Flowers,LB_0072 + LB_0081,,,,
Full Length,Design inside leg,LB_0114 + LB_0128,colours are different from picture,,,
Body suit,Caleidoscope,LB_0266 + LB_0275,,,,
Full Length,Caleidoscope,LB_0286 + LB_0298,,,,
Body Suit,aqua Forest desire,LB_0396 + LB_0402,,,,
Full Length,aqua Forest desire,LB_0439 + LB_0447,,,,
Body suit,Limitless,LB_0495 + LB_0504,,,,
Full Length,Limitless,,,,,
Three quarters,Black Jockey L,,,,,
Full Length,Black Jockey M,,,,,
Full Length,into the wild,LB_0533 + LB_0542,,,,
Full Length,Jacquard copa,LB_0661 + LB_0671,,,,
Body Suit,Magic swell,LB_0740 + LB_0744,,,,
Full Length,Magic Swell,LB_0764 + LB_0771,,,,
Full Length,Highway,LB_0855 + LB_0869,,,,
Full Length,Leo Lover,LB_1003 + LB_1010,,,,
Full Length,Design black o Black,LB_1066 + LB_1079,colours are different from picture,,,
Full Length,Shiny whiskey,LB_1165 + LB_1172,,,,
Belt,Active Black Belt,LB_1186,colours are different from picture,,,